url,title,description,emails,verified,discovery_date
https://en.shopify.no/security/pci-compliant,"PCI Compliant Hosting Provider, Web Hosting Service by Shopify. - Shopify",Shopify powers online stores and includes PCI DSS compliant shopping cart software and ecommerce hosting. Learn more about PCI compliance and Shopify.,['credit-card@mobile-2x-9b02ac96b23ad31d3f21b993e50147e9b1cad1a4f5fb9976296a39e8bcadb5bd.png'],True,2025-02-01
https://eroma.no/en/products/passion,"PASSION
 ‚Äì Eroma Perfumes","¬† Passion is a warm and unique fragrance with notes of vanilla, saffron and sandalwood. Spicy, warm and woody scent with the sweetness from vanilla makes this perfume oil complete. Just adding a drop and the scent will last the whole day. 10 ml NOTES TOP¬† Oriental (Nagarmotha), Spicy (Nutmeg, Saffron MIDDLE Oriental, W",[],True,2025-02-01
https://chosen.no/en/products/soft-blue-caps,Navy Caps ‚Äì Chosen AS,"Unisex cap in a new fit. Classic fine style with embroidered ""CHOSEN"" on the front and ""Wearing is caring"" embroidered on the back. Textile: 100% Cotton",['xxx@xxx.xxx'],True,2025-02-01
https://letsip.no/en/products/letsip-starter-pack,"Letsip Starter Pack
‚Äì Letsip Norway AS","Letsip Starter Pack. The best way to practice oral motor skills. The muscles must be in balance to be able to perform the basic functions such as eating, drinking, communicating with facial expressions and speech, having good oral hygiene and avoiding, for example, drooling. The S series to train the lip muscles (orbicularis oris) and the muscles that interact with them. Sizes vary to achieve different degrees of difficulty and different areas of use. Consists of all the products in the S series. Can be sterilized and is dishwasher safe K for reduced tongue movements with ball, especially out to the sides, or in case of tongue deviation. Consists of K4, K5, K10L The entire V series with handle, 6 nozzles and ladder. The V series can be used as a stimulation pen for orofacial regulation therapy and by stimulating and training the cheeks, lips and tongue. Sonic vibration proves to have a good effect on increased muscle activity for many.","['post@letsip.no', 'letsip_logo_2019_sh_original_250x@2x.png', '2018-01-09-letsip-039-edit_530x@2x.jpg']",True,2025-02-01
https://balion.no/en/collections/essential-tights,"Tights med lomme
‚Äì Balion",No description,"['skjermbilde_2020-10-26_kl._08.57.25-removebg-preview_100x@2x.png', 'balion_logo_sort-01_423f05eb-c4d9-453a-a7d7-8c6b62ae4777_140x@2x.png', 'kundeservice@balion.no', 'balion_logo_sort-01_423f05eb-c4d9-453a-a7d7-8c6b62ae4777_200x@2x.png']",True,2025-02-01
https://lddy.no/4ex4,Packaroons - Gluten-Free Snacks for the Trail | Heather's Choice¬Æ,"Gluten-free coconut macaroons made for wherever your adventures may take you! Lightweight, dehydrated coconut cookies that pack over 150 calories per ounce are the perfect companion for your backpack. Paleo-friendly trail snacks loved by backcountry hikers, hunters, anglers, boaters and beyond! Made with love in Alaska.",['wecare@heatherschoice.com'],True,2025-02-01
https://balion.no/en/collections/irreplaceable-sculpting-tights,"Irreplaceable Sculpting Tights
‚Äì Balion",No description,"['skjermbilde_2020-10-26_kl._08.57.25-removebg-preview_100x@2x.png', 'balion_logo_sort-01_423f05eb-c4d9-453a-a7d7-8c6b62ae4777_140x@2x.png', 'kundeservice@balion.no', 'balion_logo_sort-01_423f05eb-c4d9-453a-a7d7-8c6b62ae4777_200x@2x.png']",True,2025-02-01
https://lddy.no/6rr4,Ayurvedic Hair Care ‚Äì Renewed Hair Co,Renewed Hair Co is an organic hair care company that uses clinically researched Ayurvedic Herbs to improve hair growth and health for your specific hair porosity. Thousands of people have regrown their hair with the help of Renewed Hair Co.,['support@renewedhairco.com'],True,2025-02-01
https://streamlines.no/en/collections/men,"Streamlines ‚Äì Men
      
      
       ‚Äì Streamlines AS","Bitten and Marius Eriksen both had a deep respect for nature. Bitten's iconic knit sweaters were made to last, and they have been passed down from generation to generation. We aim to continue the family tradition and create timeless, high-quality products that will last for generations.",[],True,2025-02-01
https://lddy.no/4cks,Just Add Water Meals | Heather's Choice¬Æ,"Our just add water meals are convenient both on and off the trail! Heather's Choice products are ready for your next hiking, backpacking, backcountry hunting, fishing, or boating adventure. Our lightweight, packable meals are easy to bring on any outdoor adventure and require just boiling water!",['wecare@heatherschoice.com'],True,2025-02-01
https://www.2fastshop.no/products/copy-of-2fast-solbriller-02,"2Fast Solbriller 02
    
    
    
      ‚Äì 2FastShop",2Fast cool shades - 02 ¬†,['2fast_shop_3ee63cb6-39f5-4f32-809f-fb6aebe00872_300x@2x.png'],True,2025-02-01
https://sandanefjordsauna.no/en/products/drop-in-1-5t-hett-gott,"2) Drop-in | 1.5t | Hett & G√∏tt
 ‚Äì SandaneFjordsauna","Here's your chance to book yourself 1.5 hours of delightful sauna time, combined with a refreshing dip in the fjord just outside the door! Absolutely perfect-o! ‚ùÑÔ∏èüî•üßò‚Äç‚ôÄÔ∏èüßò‚Äç‚ôÇÔ∏è",[],True,2025-02-01
https://iceme.no/en-us/products/kopp-tilstedevaerelse-kopi-kopi-kopi,"Cup - Relationship
‚Äì Iceme",Measurements: Height 8.3 cm and diameter 8.3 Material: Porcelain ¬† Maintenance and use Resistant to machine washing Microwave safe Can be frozen,['kundeservice@iceme.no'],True,2025-02-01
https://heidal-ysteri.no/en/products/heidalsost-formost-750-gram,"Heidal cheese Formost, 750 grams
 ‚Äì Heidal Ysteri","This is our ""stase cheese"". It has been one of the prides of Heid√∏lane since it was first produced at the old cheese factory. It is a strong symbol of Norwegian culture and tradition, and we greatly appreciate being able to pass this on to the next generation. We are the only producer in the country of this pre-cheese.",['post@heidal-ysteri.no'],True,2025-02-01
https://www.raylee.no/collections/frontpage,"Home page
 ‚Äì Raylee.no",No description,[],True,2025-02-01
https://romerikekaffebrenneri.no/en/products/delter-coffee-press,"Delter Coffee Press
 ‚Äì Romerike Kaffebrenneri","Finally a real competitor to the Aeropress, when it comes to quickly brewing a simple cup of coffee! Surprisingly easy to use and clean!",[],True,2025-02-01
https://shop.2l.no/products/nordheim-cikada-duo,"Nordheim - CIKADA DUO
‚Äì 2L Music Store","Since 1960 the composer Arne Nordheim has enchanted both musicians and audience with a unique soundscape. His music may be considered a source to the later Nordic Sound of electronica. Today's DJs might not willingly announce ""Grandfather taught me this"", but that's actually the case!Nordheim's music is recently re-vit","['image_f1350104-ef38-42df-8677-2241f651368b_530x@2x.jpg', 'skjermbilde2021-04-24kl.13.56.10_110x110@2x.png', 'image_f1350104-ef38-42df-8677-2241f651368b_110x110@2x.jpg', '2l-logo-music-store_125x@2x.png', 'image_f1350104-ef38-42df-8677-2241f651368b_1024x1024@2x.jpg', 'skjermbilde2021-04-24kl.13.56.10_1024x1024@2x.png']",True,2025-02-01
https://sealight.no/products/power-supply-ex-100gm3-us-3ph-208v,"POWER SUPPLY EX - 100GM3 - US 3PH 208V
 ‚Äì Sealight-Nettbutikk","This electronic power supply for three phase 208 Vac 50/60Hz input, has been designed to feed from 1000 to 3000W short arc Xenon lamps, meeting all the requirements of lamp manufacturers to ensure correct operation, long life to the lamp, and high reliability.",[],True,2025-02-01
https://specula.no/en/collections/heyerdal,"Heyerdahl
 ‚Äì Specula","The Heyerdahl sunglasses are inspired by Thor Heyerdahl, the Norwegian adventurer known for his expeditions across the oceans. With a bold design and durability, these glasses are ready for adventure. Explore the world with Heyerdahl.",[],True,2025-02-01
https://embraknit.no/products/laura-english-version,Laura - English version ‚Äì embraknit,ABOUT¬† A cool and feminine dress that will work for every occasion. The dress is an easy knit and a great project for beginners. It is knit from the bottom up.¬†Both adult and children.¬† Adult: SIZES¬† XS (S) M (L) XL¬† MEASUREMENTS¬† Length:¬† Short version ca. 82 (82) 83 (83) 84 cm (or desired length)¬† Long version ca. 11,['embraknit@gmail.com'],True,2025-02-01
https://maama.no/en/pages/return-policy,"Return Policy
 ‚Äì ma&ma e-shop",Returns and Exchanges,[],True,2025-02-01
https://balkekaffe.no/en/products/chemex-cm-6a-classic-6-kopp,"CHEMEX CM-6A Classic 6 Cup
 ‚Äì BalkeKaffe","Chemex ‚Äì the very icon of filter brewing in the 60s. Good American craftsmanship. One bottle, one filter. Single.","['bk_logo_150x@2x.png', 'post@balkekaffe.no', 'asset_1_150x@2x.png', 'bk_logo_negro_190x@2x.png', 'post@kaffebryggeriet.no']",True,2025-02-01
https://appsalon.no/en/products/webutvikling,Web development ‚Äì Appsalon,"Designed with developers in mind, Shopify offers a powerful set of tools and resources that make it easy to create custom online stores. As an experienced Shopify developer, Appsalon can help customers maximize the potential of their online stores. Our expertise extends from design and development to the integration of",[],True,2025-02-01
https://soulcake.no/products/holly-jolly-cupcakes-12pk,Holly Jolly Cupcakes 12pk ‚Äì Soulcake,Celebrate the joy of Christmas with a beautifully designed box of our favourite cupcakes! Each box will contain a mix of our most popular and delicious flavours.¬†,"['kontakt@soulcake.no', 'u003ekontakt@soulcake.no']",True,2025-02-01
https://bellamoda.no/en/products/bella-2-pk-harsloyfe-dusty-rosa,"Bella 2-PK hair bow - Dusty pink
 ‚Äì Bella Moda AS",Bella's hair bow is lovely and brightens up any outfit. The hair bow is easy to put on and is suitable for both everyday life and parties. Material: Polyester and Iron,[],True,2025-02-01
https://www.hellolast.no/collections/accessories/socks,"Accessories | L√ÑST | Scandinavian Sneakers
 ‚Äì Tagged ""Socks""‚Äì L√ÑST Webshop","Are we allowed to say we're in love with our own accessories collection? We have created the perfect scarfs, beanies and neckwarmers in scandinavian design | Stop by and have a look at our new sneakers, sandals and boots | Check us out - there's a L√ÑST for every girl | Free delivery to 11 countries |",[],True,2025-02-01
https://kniiv.no/collections/seki,"Seki
‚Äì Naifu.pro",Kniver v√•rt flaggskip serie til de som √∏nsker det aller beste innenfor kniver. Serien er smidd¬†for h√•nd med 67 lag damask VG-10 st√•l med en nedkj√∏lings prosess som gir en hardhet p√• 60+ HRC¬†i h√∏y kvalitet. Disse knivene passer like s√• godt til¬†hobbykokken som hele familien som √∏nsker seg gode og skarpe kniver til dagli,"['seki1_530x530@2x.jpg', 'seki3_530x530@2x.jpg', 'seki4_530x530@2x.jpg', 'seki2_530x530@2x.jpg', 'logo_header_e11f3b90-d4d4-4454-b954-538247d34f11_160x@2x.jpg']",True,2025-02-01
https://b2b-uniktgarn.no/en/products/tynn-entradig-merinoull-100-merinoull-sw-365-m-5-pk,"Merino Singles - 100% merino wool sw, 365 m (400 yds)
 ‚Äì Unikt Garn (B2B)","Packs of¬†10 pcs / 1 kg. Write which colorway you want in the field above. Repeat until you have all the colorways you want . üòÉ The current color catalog can be found here, but note that in principle all the colors in the catalog can be ordered on any yarn base. Just be aware that the colors play out slightly differentl",['post@uniktgarn.no'],True,2025-02-01
https://silenceclothing.no/en/collections/frontpage,"Home page
 ‚Äì Silence Clothing",No description,[],True,2025-02-01
https://uglastore.no/en/products/reykjahlid-baby-wool-jumpsuit,"Reykjahlid Baby Wool Jumpsuit
 ‚Äì Ugla Store","DESCRIPTION Warm and cozy baby jumpsuit. ¬†Knitted of super soft 100% merino wool. 100% merino¬†wool Real horn buttons DETAILS &amp; CARE Wash by hand at maximum 30¬∞C.Use mild detergent recommended for wool and delicate fibers.Do not soak the garment for more then 10 minutes.Do not wring or twist, but squeeze the water g",['ugla@uglastore.no'],True,2025-02-01
https://naturalpakka.no/en/products/mittens-100-alpaca,"Mittens
 ‚Äì Naturalpakka",Beautiful mittens knitted on manual machines by skilled artisans in Peru. They are double knitted. Material: 100% alpaca,[],True,2025-02-01
https://naturalpakka.no/en/products/alpaca-stuffed-animal,"Alpaca teddy bear
 ‚Äì Naturalpakka",These lovely alpaca cuddly toys are handmade by skilled artisans in Peru. Natural colors. CE marked.,[],True,2025-02-01
https://shop.leksmotor.no/en/collections/vendors?q=snowfeet,"snowfeet
‚Äì Leks Motor as",No description,"['shop@51a44f-11.myshopify.com', 'post@leksmotor.no']",True,2025-02-01
https://shop.makekit.no/en/products/micro-bit-v2-klassesett,Micro:bit V2 Class Set,"10x micro:bit V2 class set Micro:bit is the gadget that all technology enthusiasts should have! Probably the most user-friendly and applicable microcontroller on the planet. Here you can program and build everything from simple games, to inventions and robots, music, and MakeKit's own series of drones, hover cars and m","['bett_award_price_logo_300x@2x.png', 'sales@makekit.no']",True,2025-02-01
https://www.kgd.no/pages/life-etc,life etc ‚Äì kaja gjedebo design,"Jewellery should be like a miniature piece of art you can wear every day. It shall be able to lift your day, spirit and looks. Kaja Gjedebo designs contemporary Norwegian silver jewellery inspired by nature, origami and architecture. She is also running jewellery courses from her studio by the forest outside Oslo.",['post@kgd.no'],True,2025-02-01
https://kfbstudio.no/en/blogs/journey/stress-free-knitting-goals-2025,"Embracing a Stress-Free Knitting Journey: My Goals for 2025
 ‚Äì kfb.studio","Discover how kfb.studio is prioritizing quality over quantity in 2025. Join Martine on her intentional knitting journey, focusing on stress-free pattern creation, streamlined testing, and the joy of craftsmanship.",[],True,2025-02-01
https://en.shopify.no/blog/sell-products-social-media,How To Sell on Social Media (2024) - Shopify,Here are the easiest ways to sell your products directly to customers on the biggest social media platforms.,"['u003eplus@shopify.com', 'plus@shopify.com']",True,2025-02-01
https://www.paperandtea.no/products/les-metrofolies-n-712,Les M√©trofolies | Tea blend | Shop now,"A organic blend of black tea, cocoa, orange and vanilla flavour | ‚úìPremium Quality ‚úìFast delivery ‚úìFree shipping from 1400 KR",[],True,2025-02-01
https://en.shopify.no/blog/76702789-shoot-reflective-products-like-a-pro-with-these-diy-lighting-setups,Reflective Surface Photography: How To Shoot Shiny Products (2024) - Shopify,Taking pictures of reflective objects like jewelry and perfume bottles presents a few challenges. Learn how to avoid unwanted reflections in photos.,"['u003eplus@shopify.com', 'plus@shopify.com']",True,2025-02-01
https://hrdl.no/products/the-console,The Console ‚Äì HRDL,"Exciting news in a blast from the past. The Console is a media console that embodies the timelessness of style, with great storage, cable management opportunities, smooth sliding doors and a unique look. When designing this piece, we looked to the classic credenzas of the past and brought them into this day and age. Th",['herdal-symbol-orginal_6dc132a4-7f02-48ca-902b-54e060b955c5_80x@2x.png'],True,2025-02-01
https://en.shopify.no/blog/3d-model-products,10 Tips for Using 3D Models for Products in Ecommerce - Shopify,"Racing bikes, coffee machines, energy drinks, dining chairs, camping cookers, hockey sticks, diamond rings, and even Hot Wheels toy cars. You can find them in Shopify stores, and now with the latest advances in file standards and web rendering, you can see these exact products in 3D on your own laptop screen. Even more, with iPhone and Android augmented reality, you can see them in your own home. Welcome to 2020.","['u003eplus@shopify.com', 'plus@shopify.com']",True,2025-02-01
https://www.dropracks.no/products/dropracks-sport,"Dropracks Regular
‚Äì Dropracks Elevating Roof Racks","Drorpacks Sport - The elevating roof rack for cars. Ensures quick, simple and comfortable transportation of your sports- and work gear, such as kayaks, canoes, ebikes, roof boxes, ladders and more. Easy controlled up and down by the integrated crank handle.","['pxl_20230724_162029584_f45e51bf-aa7c-4257-8f70-d2c9f5dbe481_400x@2x.jpg', 'dropracks-00721_400x@2x.jpg', 'defenderdropracksregularbikesfrontclosedcrop3-2_400x@2x.jpg', 'dropracks-00621_400x@2x.jpg', 'jeepregular_400x@2x.jpg', 'defenderdropracksregularbikescropfromsidelow3-2_400x@2x.jpg', 'dropracks_big_white_9a581360-afc5-4c6f-8216-63cc831fc978_200x@2x.png', 'dropracks_011220_byaadde_2i2a8076v_400x@2x.jpg', 'mikejeepcrandcherokee_400x@2x.jpg', 'defenderdropracksregularbikescrop3-2_98e62300-8b5f-4596-a5b0-8dbba63c3846_400x@2x.jpg', 'volvopicture_41_cleanupandcolours_400x@2x.jpg', 'dropracksrender_16_400x@2x.jpg', 'xc60sport2_400x@2x.jpg', '3-2cutloading_400x@2x.jpg', 'dropracks_big_white_9a581360-afc5-4c6f-8216-63cc831fc978_300x300@2x.png', 'defenderdropracksregularbikescropfromrear3-2_400x@2x.jpg', 'dropracksrender_5_400x@2x.jpg', 'dropracks_011220_byaadde_2i2a79683-23-2zoom_400x@2x.jpg']",True,2025-02-01
https://padelutstyr.no/products/starvie-basalto-1,StarVie Basalto Soft,"StarVie Basalto stands out for its composition of Basalt Fibre and 3K Carbon in the head that provide greater durability and resistance, helping to avoid breakages but while not losing any key characteristics of play. It is ideal for players looking for great control, comfort on the court and good ball speed thanks to its Soft 30 density rubber.","['support@sportofpadel.com', 'sport_of_padel_logo_155x@2x.png']",True,2025-02-01
https://www.dropracks.no/products/dropracks-xl,"Dropracks XL
‚Äì Dropracks Elevating Roof Racks","Dropracks XL - Our widest elevating roof rack designed for quick, simple and secure loading of your gear onto your VAN / tall car. Bring anything such as kayaks, ebikes, roof boxes or your work gear. Easy lifting by turning the handle.","['russellburton_20220109_2dx6236_400x@2x.jpg', 'russellburton_20220109_2dx6200_400x@2x.jpg', 'rivian3_400x@2x.jpg', 'dropracksrender_6_400x@2x.jpg', 'dropracksrender_17_400x@2x.jpg', 'gladiator_dbb18b5f-f534-473b-bd47-7e3be80db4ec_400x@2x.png', '20230705_121955_400x@2x.jpg', 'discovery5dropracksxl_400x@2x.jpg', 'rivian1_400x@2x.jpg', 'dropracks-by-utemaster_vw-amarok_400x@2x.jpg', 'dropracksrender_24_400x@2x.jpg', 'droprack4_1of1_400x@2x.jpg', 'dropracks_big_white_9a581360-afc5-4c6f-8216-63cc831fc978_200x@2x.png', 'img_3604_400x@2x.jpg', 'dropracks_big_white_9a581360-afc5-4c6f-8216-63cc831fc978_300x300@2x.png', 'dropracksrender_10_400x@2x.jpg', 'wrgr-11.19_400x@2x.jpg', '3xkayakriverconnection_400x@2x.jpg', 'advmobil3_400x@2x.jpg', 'advmobil1_400x@2x.jpg', 'wrgr-11.18_400x@2x.jpg']",True,2025-02-01
https://hrdl.no/products/thevinylstand,The Vinyl Stand ‚Äì HRDL,The Vinyl Stand is the perfect way to show off the best albums in your record collection. It displays up to 30 albums in a beautiful way!,['herdal-symbol-orginal_6dc132a4-7f02-48ca-902b-54e060b955c5_80x@2x.png'],True,2025-02-01
https://padelutstyr.no/products/starvie-kenta-soft,Starvie Kenta Soft,"Kenta is a innovative, round-shaped model, meticulously designed to take your game to the next level by optimising the control and stability of the racket, giving you unparalleled performance on the court.","['support@sportofpadel.com', 'sport_of_padel_logo_155x@2x.png']",True,2025-02-01
https://www.padelutstyr.no/products/starvie-raptor-jr,Starvie Raptor Jr,"Level: JuniorShape: RoundProfile: 38mmMaterial: CarbonWeight: 320-340g This racket is perfect for children who are beginning their paddle tennis career. The racket is round and has the sweet spot in the middle of the racket. The product is 100% manufactured in Spain, in Azuqueca de Henares (Guadalajara) ¬†","['support@sportofpadel.com', 'sport_of_padel_logo_155x@2x.png']",True,2025-02-01
https://padelutstyr.no/products/starvie-eclipta,StarVie Eclipta,The¬†Eclipta racket¬†has a round shape and is perfect for beginners who are looking for a comfortable racket with good¬†precision and excellent control over their shots.¬†This racket has a higher¬†ball output¬†thanks to its Ultra Speed Soft rubber and the fibreglass composition in the surface.Tech: Reinforcement Torsion Syst,"['support@sportofpadel.com', 'sport_of_padel_logo_155x@2x.png']",True,2025-02-01
https://www.northern.no/products/fab-vase,Fab vase - Northern,"With its strong visual style, timeless shapes, and elegant proportions the Fab Vase from talented Finnish designer Anne Hirvonen was the winning entry in the...",['post@northern.no'],True,2025-02-01
https://vjshoes.no/en/products/vj-t-shirt-m,VJ T-Shirt M,"Light-weighted and stylish running shirt! The new, ultra-light and breathable VJ running shirt is manufactured in collaboration with ARCh MAX. Durability, lightness and breathability makes the shirt fit perfectly for running and fitness. The shirt is treated with Cool Comfort technology which removes the moisture cause",[],True,2025-02-01
https://americanduchess.no/products/alpen-retro-winter-booties-brown-ivory,Alpen Women's Retro Winter Booties (Brown/Ivory) ‚Äì American Duchess - Europe,"Alpen Retro Winter Booties are just the fashionable footwear you need for your winter vintage outfits. These booties are based on original Montgomery Ward overshoes, also known as galoshes, but are made as regular boots. We've stayed faithful to the velveteen upper and houndstooth lining, opting to use ethically sourced sheepskin trim and leather foxing and heel. These beautiful boots are cozy and practical for winter wear, with rubber soling. Protect your Alpens against the elements with Angelus Water and Stain Repellent.&nbsp; [custom tab] Sizing Size Trends Runs true to size&nbsp;for most customers. Width Regular (B) width&nbsp; Size Chart Materials Color Brown/Ivory Upper Leather, Velvet, Sheepskin Trim Lining Pigskin leather and cotton houndstooth Sole Rubber Heel Leather Covered Heel Height 1.6 inch / 4 cm Footbed Lightly Padded Closure Tie Origins Design Designed in Reno, Nevada, USA Materials People's Republic of China Assembly Made in China [/custom tab]","['alpen-retro-winter-booties-green-black-of-2_40x40@3x.jpg', 'alpen-retro-winter-booties-black-black-of_40x40@3x.jpg', 'alpen-retro-winter-booties-brown-ivory-of-2_40x40@3x.jpg', 'info@americanduchess.com']",True,2025-02-01
https://www.padelutstyr.no/products/copy-of-sergio-tacchini-top-play,Sergio Tacchini Top Play Black/White,Level: BeginnerShape: RoundThe Top Play is an excellent racket for anyone who wants to get started with. The round shape and the big sweet spot makes it easier for everyone to play. The fiber glass makes the racket soft which is perfect when you wants to play an easy racket that also is more arm and shoulder friendly t,"['support@sportofpadel.com', 'sport_of_padel_logo_155x@2x.png']",True,2025-02-01
https://montessoritoddlers.no/en/products/shut-the-box-dice-game,Shut the Box Dice Game ‚Äì Promotes math skills through fun gameplay,"High-Quality Wooden Construction Our Shut the Box Dice Game is crafted from wood, ensuring a classic, timeless look. The smooth finish and sturdy construction make it a beautiful addition to any game collection. Educational and Fun Shut the Box is not only entertaining but also educational. It helps improve basic math ",['info@montessoritoddlers.com'],True,2025-02-01
https://modostore.no/collections/cloud-search-all-products?page=49,"Shop [CloudSearch app] All products nyheter AW24 - Norsk, rask levering",This collection is used by the Smart Search & Product Filter app (https://apps.shopify.com/cloudsearch) to query information about products in your store.Please do not edit or delete this collection (unless you've removed the app in which case...,[],True,2025-02-01
https://www.padelutstyr.no/products/starvie-comet,Starvie Comet,Level: Beginner/MidShape: RoundProfile: 38mmMaterial: CarbonWeight: 360-380g The new Comet model has 24K carbon fiber in its core. This type of core provides a greater and more forgiving flexibility. A softer feel typically generates more assistance in ball contact and thus a more user-friendly racket. It has a round s,"['support@sportofpadel.com', 'sport_of_padel_logo_155x@2x.png']",True,2025-02-01
https://www.safeback.no/at/products/raide-sb-30l,Safeback | Avalanche Survival Gear,No description,[],True,2025-02-01
https://auto-key.no/products/programautokeys-com,ProgramAutoKeys.com ‚Äì Auto-Key.no AS,"KEY FOB PROGRAMMING INSTRUCTIONS ¬† ¬† ¬† ¬† ¬† ¬† ¬† ¬† ¬†¬†www.auto-key.info ¬† Many keyless entry remote Key Fobs and Smart Keys are self-programmable. However, some vehicles specially the newer vehicles with push to start buttons will require an Automotive Locksmith with special equipment. Here you will find programming instr","['p.banaszek@wp.pl', 'post@auto-key.no', 'pure_materials_d196fecb-42b8-4a63-9835-9ce823e0cb99_432x@2x.png', 'd.daz76@yahoo.com', 'example@gmail.com', 'info@jpgraphics.no', 'ekspertbilelektronik@gmail.com', 'bildiagnose@hotmail.com', 'post@hitraauto.no']",True,2025-02-01
https://m-kae.no/products/paris-dress-new,"Paris Dress New
‚Äì M-KAE - Copenhagen","Yours all time favourite, Paris Dress, is back in a new version. Our Paris Dress in an airy soft chiffon dress with short puff sleeves with narrow elastication and a small frill trim, and a seam at the waist with a beautiful flared, pleated skirt. The dress has a round neckline and small opening at the back with a button at the back of the neck. This is the perfect dress for a wedding, baptism, summer party etc.","['your-email@example.com', 'hello@m-kae.com', 'job@m-kae.com']",True,2025-02-01
https://bondep.no/products/27706,"EYE MASK MW LIBERY CLAIRE AUDE ORGANIC
‚Äì Bon Dep",Bon Dep is a renowned Scandinavian accessory brand with a contemporary and classic design that makes women shine. EYE MASK MW LIBERY CLAIRE AUDE ORGANIC EYE MASKS,"['user@gmail.com', 'shop@bondep.com', 'u003eshop@bondep.com']",True,2025-02-01
https://bondep.no/collections/emilia-by-bon-dep-1/products/28222?currency=usd,"FABIENNE CHARM NAVY
‚Äì Bon Dep","Emilia sets, where jewelry pieces are thoughtfully curated into stunning combinations that are ready to wear. FABIENNE CHARM NAVY HOOP CHARMS","['user@gmail.com', 'shop@bondep.com', 'u003eshop@bondep.com']",True,2025-02-01
https://streamlines.no/en/products/oslo-1952,"Oslo 1952
      
      
       ‚Äì Streamlines AS","Stein Eriksen won his first Olympic medal in alpine skiing in Oslo in 1952. The ski model Oslo 1952 is a versatile on-piste ski that enables the skier to enjoy a variant of snow and skiing conditions. The Oslo 1952 has a very smooth build, enabled by vulcanized rubber dampening, and is available in three lengths for th",[],True,2025-02-01
https://www.brandstore.bi.no/products/bi-1943-crewneck-grey,"BI Norwegian Business School | Hoodie | Grey
‚Äì Official Brand Store for BI Norwegian Business School","BI hoodie with BI logo on chest. Official BI apparel clothing, made with 85% organic cotton / 15% recycled polyester. Heavy cotton fabric with 300 gsm.","['bi_positiv_horisontal_l_rgb_e95a73a7-902c-4eab-9946-95115b10dfde_180x@2x.png', 'bi_negativ_horisontal_l_rgb_x70@2x.png', 'bi_positiv_horisontal_l_rgb_e95a73a7-902c-4eab-9946-95115b10dfde_200x@2x.png']",True,2025-02-01
https://provista.no/catalog/products/kontrasttest-lea-i-flipbok-ii,Kontrasttest flippbok Lea symboler,Kontrasttest med LEA-symboler,['mail@provista.no'],True,2025-02-01
https://flipbelt.no/en/products/flipbelt-air,"Flipbelt Air I Lightweight running belt with pockets for mobile phone and much more | FlipBelt.no
 ‚Äì FlipBelt Norway","Flipbelt Air is a breathable and light running belt from the quality brand Flipelt. The test winner has good pockets for mobile phones, bottles, keys and cards. Buy Flipbelt Air here!",[],True,2025-02-01
https://www.trendit.no/collections/elektrisk-sparkesykkel/products/classywalk-s200-n-elektrisk-sparkesykkel,"El sparkesykkel ClassyWalk¬Æ S200 N - Best i test
 ‚Äì Trendit.no",En folkefavoritt! S200 N er v√•r mest solgte bysparkesykkel. Hos Stayclassy.no f√•r du markedets beste tilbud p√• el sparkesykkel med butikker i Oslo og B√¶rum.,"['kundeservicet@trendit.no', 'kundeservice@trendit.no']",True,2025-02-01
https://barnevaderen.no/products/barnevaderen-bla-motorsykkel,"Bikeren
 ‚Äì Barnevaderen","Regnbukser med gummisveisede st√∏vler Barnevaderen¬†vil holde barnet ditt t√∏rt, varmt og lykkelig selv i det mest dystre v√¶ret. Med gummist√∏vler som er sveiset fast til regnbuksene, kan barnet ditt leke i alle v√•te omgivelser, uten at du trenger √• bekymre deg for v√•te f√∏tter igjen. Raskere og enklere √• ta p√• enn separate",['post@barnevaderen.no'],True,2025-02-01
https://umage.no/en/products/asteria-driver,American Express,No description,"['coffee_tables_370x230_crop_center@2x.png', 'ecom-swiper@11.0.5.js', 'shelving_2_370x230_crop_center@2x.png', 'cursor-zoom@2x.svg', 'accessories_2_370x230_crop_center@2x.png', 'kundenservice@umage.de', 'benches_370x230_crop_center@2x.png', 'ceiling_lamps_370x230_crop_center@2x.png', 'wireless_lamps_370x230_crop_center@2x.png', 'pendant_lamps_370x230_crop_center@2x.png', 'lounge_chairs_370x230_crop_center@2x.png', 'umage_lifestyle_manta_ray_white_sante_table_white_heart_n_soul_console_table_oak_obsidian_black__2_ceb1a9b1-0d9d-4fa7-96f1-f49740df4330_370x230_crop_center@2x.jpg', 'designers_370x230_crop_center@2x.jpg', 'stools_370x230_crop_center@2x.png', 'floor_and_table_lamps_-_lampshades_370x230_crop_center@2x.png', 'cursor-prev@2x.svg', 'spare_parts_370x230_crop_center@2x.png', 'claim@umage.com', 'sofas_and_daybeds_370x230_crop_center@2x.png', 'light_stands_370x230_crop_center@2x.png', 'umage_showroom_3_370x230_crop_center@2x.jpg', 'umage_lifestyle_asteria_mini_brass_heart_n_soul_dining_table_oak_curious_oak_black_shadow__1_370x230_crop_center@2x.jpg', 'sideboards_and_cabinets_370x230_crop_center@2x.png', 'umage_lifestyle_curious_oak_35ffea83-9617-48ed-a2c4-5fc3560b8ec6_370x230_crop_center@2x.png', 'all_storage_370x230_crop_center@2x.png', 'umage_lifestyle_hazel_branch_black_brushed_steel__2_370x230_crop_center@2x.jpg', 'ar_370x230_crop_center@2x.png', 'cursor-next@2x.svg', 'ecom-swiper@11.css', 'umage_lifestyle__butterflies__1_370x230_crop_center@2x.jpg', 'no-image-2048-5e88c1b20e087fb7bbe9a3771824e743c244f437e4f8ba93bbf7b11b53f7824c_370x230_crop_center@2x.gif', 'floor_and_table_lamps_-_lampshades_a4ff8924-4d84-4e9d-85a6-f8cd30c94135_370x230_crop_center@2x.png', 'umage_van_04_2_370x230_crop_center@2x.jpg', 'wall_lamps_2_370x230_crop_center@2x.png', 'mirrors_370x230_crop_center@2x.png', 'hooks_370x230_crop_center@2x.png', 'dining_chairs_370x230_crop_center@2x.png', 'umage_lifestyle_time_flies_chrome_collection__2_370x230_crop_center@2x.jpg', 'umage_lifestyle_one_more_look_oak__3_370x230_crop_center@2x.jpg', 'all_tables_370x230_crop_center@2x.png', 'service-clients@umage.fr', 'accessories_370x230_crop_center@2x.png', 'umage_lifestyle_classicidea_36443f0e-b697-4fac-9c1c-251dadce16c1_370x230_crop_center@2x.png', 'umage_lifestyle_asteria_up_medium_pearl_white_asteria_move_pearl_white__2_e5842f1b-4752-4350-9a6b-651cbf0f79b2_370x230_crop_center@2x.jpg', 'ceiling_and_wall_lamps_-_lampshades_6a474889-8b3a-4c20-b1eb-967c6fa534b8_370x230_crop_center@2x.png', 'about_us_8070e2a1-aee1-4e24-b04f-e5b4189882cf_370x230_crop_center@2x.png', 'cord_sets_370x230_crop_center@2x.png', 'umage_lifestyle_faraday_large__3_370x230_crop_center@2x.jpg', 'info@umage.com', 'floor_lamps_370x230_crop_center@2x.png']",True,2025-02-01
https://cottagecorewear.no/products/willow-dress-sage,"Willow Midi Dress - Sage
‚Äì CottagecoreWear","With its sweetheart neckline adorned by delicate embroidery, the Willow Dress¬†bring a bit of whimsy to your everyday.¬† In true CottagecoreWear style, the Willow Dress is designed to adjust to you, both as you go about your day, as well as for months and years to come. Along the bust and waistline are two fully adjustab",[],True,2025-02-01
https://tuftewear.no/en/products/womens-wool-fleece-half-zip,Tufte Women's Wool Fleece Half Zip ‚Äì Tufte Wear,"A more eco-friendly fleece sweater for women from Tufte. This fleece does not contain micro plastics! It's made of 100% Merino wool, and will keep you warm with a better conscience.","['sales@tuftewear.no', 'support@starapps.studio']",True,2025-02-01
https://www.fitberry.no/products/sporty-flared-joggers-baby-pink,"SPORTY FLARED JOGGERS
‚Äì Fitberry Sports","FITBERRY¬Æ SPORTY FLARED JOGGERS. Mid-waist joggers with flared leg and the perfect fit. Crafted from a premium high-quality cotton fabric. The flared joggers have soft fleece interior, deep pockets and a hidden adjustable drawstring waist.¬† Pair with sporty oversized hoodie to complete the look. - Color: baby pink- Fit",[],True,2025-02-01
https://www.halite.no/products/void-assault-30-tactical-grey,"Void Assault 30 Tactical Grey
‚Äì Halite Norway","Efficient, protective and modular 30 liter combat ready pack, with a low profile for operations and day to day missions. Taking elements from our expedition proven Void Pro bags, and reworked them into a compact, modular pack with a new standard carry comfort and durability, using Intuition¬Æ¬† foam and Cordura¬Æ¬† fabrics","['halite_logo_r_1_26e8a207-fd2c-494e-b4a0-d2858b1d89fc_200x@2x.png', 'halite_logo_r_-_white_x50@2x.png', 'halite_logo_r_-_white_200x@2x.png', 'halite_logo_r_1_26e8a207-fd2c-494e-b4a0-d2858b1d89fc_140x@2x.png', 'halite_logo_r_-_white_140x@2x.png']",True,2025-02-01
https://www.hjemsol.no/products/mom-dad-letter-blanket,Mom/Dad Letter Blanket ‚Äì hjemsol,"üíïSurprise your mom/dad with a gift that¬†will surely put a smile on her/his face, and warmth in her heart. ¬† FEATURES Gifts for Mom: This comfortable and soft blanket is the best gift for mom. When your mom snuggles into this fluffy soft blanket and reads the loving words on the blanket, she will feel the overwhelming w","['customer@hjemsol.no', 'someone-email@example.com']",True,2025-02-01
https://ubr.no/collections/women,"Women collection
 ‚Äì ubr.no",No description,['info@ubr.no'],True,2025-02-01
https://tuftewear.no/en/collections/tuftes-kolleksjoner-til-dame,Tufte's collections for women ‚Äì Tufte Wear,Here you will find all Tufte's collections for women gathered in one place.,"['sales@tuftewear.no', 'support@starapps.studio']",True,2025-02-01
https://ubr.no/collections/men,"Men's Collection
 ‚Äì ubr.no",No description,['info@ubr.no'],True,2025-02-01
https://tuftewear.no/en/collections/sokker?page=2,socks ‚Äì Page ‚Äì Tufte Wear,Socks for everyday use and training in soft cotton from Tufte! We also have warm wool socks and thin socks in merino wool!,"['sales@tuftewear.no', 'support@starapps.studio']",True,2025-02-01
https://www.safeback.no/collections/mountaineering-backpacks,Safeback | Avalanche Survival Gear,No description,[],True,2025-02-01
https://alaskabrands.no/collections,"Collections
‚Äì Alaska 1795 Europe","Order high quality hunting jackets, pants, base layers, mid layers and accessories directly from alaska1795.com. We deliver our products all over EU.",[],True,2025-02-01
http://livid.no/collections/fw22-sale-footwear-men,"Men Sale Footwear
 ‚Äì Livid",,[],True,2025-02-01
https://bondep.no/collections/frontpage,"Home page
‚Äì Bon Dep",No description,"['user@gmail.com', 'shop@bondep.com', 'u003eshop@bondep.com']",True,2025-02-01
https://objectoslo.no/collections/object,"OBJECT
 ‚Äì OBJECT Oslo",No description,"['objectoslo@bestseller.com', 'object_black_crop_100x@2x.png']",True,2025-02-01
https://helenemoo.no/collections/presets,Presets | helenemoo,No description,[],True,2025-02-01
https://hedgehogdryer.no/collections/accessories,"Accessories
 ‚Äì hedgehogdryer",No description,['contact@hedgehogdryer.com'],True,2025-02-01
https://fiorellamyklebust.no/collections/claudia-lira-jewelry,Claudia Lira Jewelry ‚Äì Fiorella Myklebust Agency,"Claudia Lira Joyas is a responsible peruvian company that stimulates the development of the market, brings well-being and promotes the artistic passion for handmade jewelry by continuously being active in the community around them. They emphasize creativity and sensitivity to art, which forms the basis for the authenti",['fil_05.05.2020_2c_15_11_11_120x@2x.jpg'],True,2025-02-01
https://www.lillunn.no/collections/coats/norwegian-wool,"Tradition
    
 ‚Äì Tagged ""Norwegian Wool""
    
    
      ‚Äì LILLUNN",No description,"['sas_lillun_lookbook_38_216_22196_finalweb_250x250@2x.jpg', 'sas_lillun_lookbook_95_lue_22718_finalweb_c3e6ee62-ba94-452e-b659-7be19385f078_250x250@2x.jpg', '220-j-d-3018-s_250x250@2x.jpg', 'lillunn_classic_black_180x@2x.png']",True,2025-02-01
https://peachtights.no/collections/jeans-1,"Jeans
      
      
       ‚Äì Peach Tights","Discover our Peach jeans, crafted for active lifestyles! Featuring a flattering fit that doesn't squeeze, they boost confidence and comfort. Unique fitness-friendly attributes include a stretchy waistband and body-adaptive fabric, offering flexibility and freedom.Experience the best in style, comfort and curve-friendly","['post@peachtights.no', 'sahoodhkr@gmail.com', 'support@starapps.studio']",True,2025-02-01
https://nunoo.no/collections/iridescent,"Iridescent
 ‚Äì N√∫noo NO",No description,['info@nunoo.dk'],True,2025-02-01
https://shop.2l.no/collections/auro-3d-files/dolby-atmos-in-mp4-files,"Auro-3D files (embedded in FLAC)
‚Äì Tagged ""Dolby Atmos in MP4 files""‚Äì 2L Music Store","Immersive Audio is a sonic sculpture that you can literally move around and relate to spatially; surrounded by music you can navigate the aural space and choose angles, vantage points and positions. Auro-3D fully envelope the audience in a cocoon of life-like audio. Acoustic reflections are captured and released natura","['2l-180_front3000_250x250@2x.jpg', '2l-173_front_3000_250x250@2x.jpg', '2l-171_front_250x250@2x.jpg', '2l158_250x250@2x.jpg', '2l-175-aa-remix_250x250@2x.jpg', '2l-176_front3000_250x250@2x.jpg', '2l-168-front_250x250@2x.jpg', '2l-logo-music-store_125x@2x.png', '2l-174_front_3000_250x250@2x.jpg', '2l-167_front_250x250@2x.jpg', '2l-166_front_250x250@2x.jpg', '2l-179_front_3000_250x250@2x.jpg', '2l163_250x250@2x.jpg', '2l-172-front_250x250@2x.jpg', '2l-175front_250x250@2x.jpg', '2l-165_front_4000_250x250@2x.jpg', '2l164_250x250@2x.jpg']",True,2025-02-01
https://skomakerdagestad.no/collections/alfred-sargent,Alfred Sargent ‚Äì Skomaker Dagestad,"In 1899, Alfred Sargent, together with his sons,¬† set up his company, Alfred Sargent and Sons, in the town of Rushden Northamptonshire. England. Later, in 1915, they moved to the present site of Portland Road. Now, one of the running shoe factories, it was the first to have electricity.",['dagestadlogowebbutikk22uteninvert_320x@2x.png'],True,2025-02-01
https://helland.no/en/collections/nakkeputetrekk,Neck pillow cover | Helland M√∏bler,¬†,"['mia@helland.se', 'helland_logo_hvit_135x@2x.png', 'support@starapps.studio', 'fb@helland.no', 'helland@helland.no']",True,2025-02-01
https://vincci.no/collections/salg?page=4,"Salg, Manolo Blahnik, Khaite, The Row, Ala√Øa, Dries Van Noten, Toteme, Savette, Amina Muaddi, Jil Sander, Dear Frances, Joseph, Mark Kenly Domini Tan, Lanvin ‚Äì  ‚Äì Vincci","Manolo Blahnik, Khaite, The Row, Ala√Øa, Dries Van Noten, Toteme, Savette, Amina Muaddi, Jil Sander, Dear Frances, Joseph, Mark Kenly Domini Tan, Lanvin, Completed Works, Goossens, Li√© Studio, Muun, Eres, Emilia Wickstead, Soft Goat.",[],True,2025-02-01
https://kryptonfilm.no/collections/tungsten,Tungsten ‚Äì Krypton Film,No description,"['t24_300x300@2x.jpg', 'krypton_logo_blackngreen_on_transparent_2048x2048_00fc9ad4-d10b-423a-92d1-aee63c46000e_x40@2x.png', 'studio2000_300x300@2x.jpg', 't12_300x300@2x.jpg', '300plus_300x300@2x.jpg', 'blonde2kw_300x300@2x.jpg', 't2_300x300@2x.jpg', 'booking@kryptonfilm.no', 't5_300x300@2x.jpg', 'source4jr_300x300@2x.jpg', 'st5_300x300@2x.jpg', 'krypton_logo_blackngreen_on_transparent_2048x2048_00fc9ad4-d10b-423a-92d1-aee63c46000e_60x@2x.png', 'par_can_l_300x300@2x.jpg', 'mogulbase_300x300@2x.jpg', 'mole_beam_300x300@2x.jpg', 'dlh4_300x300@2x.jpg', '650plus_300x300@2x.jpg', 'blue_head_300x300@2x.jpg', 'source_four_300x300@2x.jpg', 't1_300x300@2x.jpg', 'red_head_300x300@2x.jpg']",True,2025-02-01
https://untoldstories.no/collections/mexmini/products/phoebe-button-dress-anthracite-white?variant=42808662720728,"Phoebe Button Dress - Anthracite/White
		 ‚Äì Once Untold","The perfect midi dress made from a soft cotton-blend seersucker with checks in black and white. Designed with a V-neck and buttoned front that ends in a ruffled hem. This dress is so easy to wear, just add boots, sandals or sneakers and you are set to go.¬†¬†The model is¬†170¬†cm and wears a size Small.Length of¬†dress for ",['hello@onceuntold.com'],True,2025-02-01
https://www.fitberry.no/collections/t-shirts,"Tee's | Kj√∏p oversized tees p√• FITBERRY.no
‚Äì Fitberry Sports","Discover our collection of premium oversized tees, crafted from luxurious cotton fabric. Elevate your wardrobe with these versatile essentials, perfect for effortless style and comfort.",[],True,2025-02-01
https://livibeauty.no/en/collections/under-200,UNDER 200 ‚Äì LIVI BEAUTY,No description,"['hello@livibeauty.co', '%20info@onea.com', 'livi-beauty.gjen_1_7f6a10d6-3066-4e24-9ebc-8236516021fb_130x@2x.png']",True,2025-02-01
https://skagenclothing.no/en/collections/kristian-von-hornsleth,Kristian von Hornsleth,No description,['support@skagenclothing.com'],True,2025-02-01
https://en.shopify.no/online,Build Your Online Store: Use Themes or Go Headless - Shopify Norway,"Whether you‚Äôre looking to build a store from scratch or want something more move-in ready, Shopify has options for every business. Both now and as you grow.","['u003eplus@shopify.com', 'plus@shopify.com']",True,2025-02-01
https://en.shopify.no/pricing,Shopify Pricing - Setup and Open Your Online Store Today ‚Äì Free Trial - Shopify Norway,"Set up your store, pick a plan later. Try Shopify free for 3 days, no credit card required.","['u003eplus@shopify.com', 'plus@shopify.com']",True,2025-02-01
https://en.shopify.no/start,Start Your Own Online Business with Shopify Norway,Starting a business doesn‚Äôt have to be scary. Bring your idea to life with Shopify‚Äôs free tools to help you create and promote your brand.,"['hero-pt-br-@artdirection-large-a8cea5f727241c252390146b5344c34dee75222c95a63983ba3d9fb895bbbbe5.png', 'image-fr-fr-@artdirection-large-d272cd8b429349bd607aeea4ce9a2874028043937c91c71ae3e40ad19f8466eb.png', 'hero-en-sg-@artdirection-small-db4c2bc44aec233683322afe9d6875338a59407d9c4272a3aaf5ba3c5fd68fd6.png', 'allproducts-@artdirection-large-8290a2eafff95e9bc2b75f47112558060728dd34b2d51a0a730582fe8dd53687.png', 'image-it-it-@artdirection-large-17614e86e269b19a418a6e52ba0f777db06256e22be1f6503a4116bedf89236b.png', 'hero-de-de-@artdirection-small-0ddee24b2a04df027594ea8b8396756e4f4bdd656fc54b6cbd8bd9f6690be986.webp', 'hero-fr-ca-@artdirection-large-ac31a3c29e6f33d045bf111f6c0ac17741922bd644597b386b8255ad5623a810.png', 'hero-fr-fr-@artdirection-large-4c162f79e817c342f10c523d197f9cc5e40c98f0661cf5c3e47d408967d45e82.png', 'allproducts-@artdirection-large-f888467a4465b998db7f10eb93ac737cb760eb6d86a02ec7b45c5689e7278b30.png', 'hero-it-it-@artdirection-large-9a4bf8ed66bbe2ee5ffc8fa33960beefad026ae0ce6f2d504e8b6e59ad0598c5.png', 'hero-ja-jp-@artdirection-large-de03ca0923e27fba1137c62c65658788cd35f0a0af0d649159885fbab58a4207.png', 'image-fr-fr-@artdirection-small-c9d22503ad44758576ac411f291b72212e80637f8740003987f11911b73db93d.png', 'hero-it-it-@artdirection-small-894f9fb6733956ec4c7584d46a292b8287478ddcbbcfab67699ca70b55a59fda.png', 'image-ja-jp-@artdirection-small-4d29ab4c50d689b544c71ada8976da2d5dec5b4515cb014ef8407ffeb8b314f3.webp', 'hero-en-ie-@artdirection-small-a0ad9d9af058f5c1d3aca3fb2bf780e4c450e1d34291b72d889ad99e2790b5c3.png', 'hero-de-de-@artdirection-large-140cb6b37f0a5685100e51e20ab42ff63bf369ffd866c032c9bd06473cdf3784.webp', 'image-fr-ca-@artdirection-small-0cdabad097b51e091b0f09c91e7046f3347ab1e4e0e24f1c80ede28665540d87.png', 'hero-en-au-@artdirection-small-20a39d2caf089c159e0383ec7ff9e510aa731d6414cb96338b67a30dae6ee157.png', 'allproducts-@artdirection-large-e248728fbbb3e31a43f7bb7c83f19f3759514ca9483f43a85f376c38b063897c.png', 'allproducts-@artdirection-large-a067d157bb3da7ccde1df29d780fa0232e4273b35994a52d0b8e49024fd76ba9.png', 'hero-en-ie-@artdirection-large-e71b3f0ea9a415f1a3e84910c1c467e0cb4cdf6694e7864322386dfec491f7ff.png', 'image-ja-jp-@artdirection-large-d89f9de7b92d68f639c798eefeb9ba9c74ebbc1d821eb5d4c22b258501b2d545.webp', 'allproducts-@artdirection-large-e1ee4175d4844f49b6b6f7c1c6fe886cf97e5e973a87b230bf820c2dbe60ed89.png', 'image-de-de-@artdirection-small-5bf75ade49c6e8596889a73b822c275276f1fad15143fb33ae08431d98c8feec.webp', 'hero-en-au-@artdirection-large-3ad0cbe37273cc9457ccd09277d0ef34a99b9e0ae9b700a94e2c8e0772dc827d.png', 'hero-en-gb-@artdirection-small-31dfc78238b272cb88f16d5555b518672c0e73ab7b2814f81c8cf3253112d48a.png', 'hero-@artdirection-small-bbf4a3bdf6832b5fbae149f37f14817d01ed788db0c1dab8e3aecda612920c01.png', 'image-de-de-@artdirection-large-5394d1b243ad3a01077f668449b913244e1fc4b943ecba916fa742233c285ef5.webp', 'image-es-es-@artdirection-small-3b669bbeaa67a40c32ba74d6c9cd9d32a808db7853da72e3ad2e5c8d54afe4e1.png', 'image-it-it-@artdirection-small-e0d57894809b56901399288fe10afbce115404b2c71b8862ab6a5171db2f8d5d.png', 'hero-ja-jp-@artdirection-small-a44364df0581f92c09ca3d596a6031685542bef2d4a1e92cccb0fdc8030d2f11.png', 'hero-en-sg-@artdirection-large-1678eb642062e13e2184248b9567c03536402e09a127243496dbc26bfa6f6d9b.png', 'hero-es-es-@artdirection-large-bcf3e374a4fe6b8c5bf3e5ad753400e7886ca33360fc88db294d75c99692ec6b.png', 'hero-pt-br-@artdirection-small-48ad10f39dc99425588de9c23f28904e98dd53f2ec0f2127a87e7186acb91c22.png', 'image-@artdirection-large-ce903128a2f0bbc15de853a24d99292e36622a8d22db5e973511d0ea0e534e35.png', 'image-es-es-@artdirection-large-07e5b3fddc6c6cf9748bced52f08df53d04c140b6d2b02dae0a68cd4585fb90a.png', 'allproducts-@artdirection-large-e404038646292078d9d08d1af2a559e1bb5c66147af0c937e3674110de1b04bd.png', 'image-pt-br-@artdirection-large-5e909e3cd40bdb98f70a58e32f1546dd068c2558b40db6ecebd42f82e564b45a.png', 'hero-@artdirection-large-e3e5e6d578a83a2b1b8e7ce01d1290419074e8b91ddc5781eebf4c4f7c430c63.png', 'hero-fr-ca-@artdirection-small-358d57f4dc7feaf3dba7cc8886f23ae985b5fa5415e361cfa1ff73c2c55597cc.png', 'image-@artdirection-small-d844f454a69828003c4aeb561c41505d348b655951326bd9652e7ff41527583d.png', 'allproducts-@artdirection-large-2ec4820c41eb4b1079668cd50f45cea930125f80c096dd550660f83711ea3b6c.png', 'hero-fr-fr-@artdirection-small-0d1985e01ef5e1501a4cc76fd2485095980bca2f3fbb15b50c0856f0ef68ccd7.png', 'allproducts-@artdirection-large-35ae8281547c29fcd7dc7be8bd4b66b44d87d8fb88c250e912d13449d7b423c0.png', 'hero-en-gb-@artdirection-large-7245a037c4386873de4ebe7956b4c60b0668d2513d7f7591fe9a4a907c4f07dc.png', 'allproducts-@artdirection-large-18934f3ba2b314f73af140ab0487f4ad5537fbde9da1261c89ae694afacedc41.png', 'allproducts-@artdirection-large-7f5f24e5ee10d513c3fe8348ab7b0a8cc2e151c3e7a62f5ca21c939e78366180.png', 'hero-en-in-@artdirection-small-cc1ab4b42fe6aa57570e5d0b352b208f0478aa44d190d26e5254a60ef58e6593.png', 'image-fr-ca-@artdirection-large-a9d68ff5214aea4b231e254af97024b66c0d220947829c66bd23c11c7ce789d7.png', 'image-pt-br-@artdirection-small-a977a4081ddb28fc7232c4362cce4e8621077e393ac426147f9b5d4932ac1cba.png', 'allproducts-@artdirection-large-f75e01f4e5a42f9bdb77d6222aa2e4b3c146a13726d560e0acf904cc30f6dfbc.png', 'hero-en-in-@artdirection-large-0f53a68d75f8079f5266c38a095f0ff03d4bee86bf8d217414aae284494b89d6.png', 'hero-es-es-@artdirection-small-b7c87284b97b2013397b5079ee7fe43d0288da103ff5330aa0b45b1f420a26a0.png']",True,2025-02-01
https://en.shopify.no/blog/etsy-alternatives,9 Etsy Alternatives for Selling Your Crafts (2025) - Shopify,"From popular online marketplaces to your own online store platform, discover nine of the best Etsy alternatives for selling products.","['u003eplus@shopify.com', 'plus@shopify.com']",True,2025-02-01
